# mobile,secret,villa — synthetic mobiles 9000000001..9000000108; change mobiles to real numbers before production,""
9000000001,erGUWN4vrn,1,""
9000000002,94lJj5K7Kt,2,""
9000000003,YMVra18zyo,3,""
9000000004,Z5UfjXqhqE,4,""
9000000005,O7wzjMPi4a,5,""
9000000006,hMjMr5quzE,6,""
9000000007,WdVwSCrqgm,7,""
9000000008,DUexba7iFw,8,""
9000000009,F6qJRGDZbU,9,""
9000000010,KkLgyzPqQb,10,""
9000000011,ndPcfyuyVK,11,""
9000000012,FtRUmvCeA9,12,""
9000000013,ZPJ9RcdBpM,13,""
9000000014,xARN2U4cmi,14,""
9000000015,MYZUkeGp3F,15,""
9000000016,DnxB20Xt5F,16,""
9000000017,4RsWTu6NU8,17,""
9000000018,9kDFpwTR5b,18,""
9000000019,NSyl75jtec,19,""
9000000020,ujGQRGxDPU,20,""
9000000021,sa5gpDnOGP,21,""
9000000022,Qqp6bz1sXo,22,""
9000000023,U4B0IwX0OI,23,""
9000000024,3mW4jVIGMF,24,""
9000000025,KSs4PHsooi,25,""
9000000026,YVjU9BObQe,26,""
9000000027,EtrkUlsfwH,27,""
9000000028,WkyygfeP3A,28,""
9000000029,bwG2PSE3W8,29,""
9000000030,kbFic0pc6b,30,""
9000000031,HFsXGfNQGz,31,""
9000000032,hSx9UOHTs7,32,""
9000000033,xVnWcUn8DJ,33,""
9000000034,jsMc2yKku2,34,""
9000000035,1l2Y3ROGFm,35,""
9000000036,LZkM6SFb3t,36,""
9000000037,WHmFSGxx5w,37,""
9000000038,jjy3EFmtAX,38,""
9000000039,TYXT52cQuK,39,""
9000000040,CIpq2hy4sQ,40,""
9000000041,5JBmlLatTz,41,""
9000000042,okMNbt9h9j,42,""
9000000043,S7vrAYxtzL,43,""
9000000044,Uis6qhSPjg,44,""
9000000045,yniXGDorYu,45,""
9000000046,k8hOnCdEIf,46,""
9000000047,Ke3Fi12qeh,47,""
9000000048,tHC7VUfHDw,48,""
9000000049,FcgEjc2KOf,49,""
9000000050,54H71wBd4k,50,""
9000000051,4Q4MoqiOsK,51,""
9000000052,SIjsWH4SY4,52,""
9000000053,D1uKUHti0W,53,""
9000000054,xURRLNPIjz,54,""
9000000055,09XuCmNsy2,55,""
9000000056,qvuHXwGPp5,56,""
9000000057,M1dfpxhAvi,57,""
9000000058,JQJFYoVeox,58,""
9000000059,upBjhURegs,59,""
9000000060,UWocx3W40b,60,""
9000000061,dLIXN7X130,61,""
9000000062,ykya7lYjr6,62,""
9000000063,ESgK3r7o5B,63,""
9000000064,khLWktSLeU,64,""
9000000065,G007MirPbr,65,""
9000000066,AgbMojDliW,66,""
9000000067,LDxMexC3lj,67,""
9000000068,nU7dLC3lr7,68,""
9000000069,klgvBSa4AO,69,""
9000000070,NqIUmLdqGW,70,""
9000000071,hndVOmJCoP,71,""
9000000072,EGTwRk03KG,72,""
9000000073,JNgIJAmkZ6,73,""
9000000074,Y0jryOMQoX,74,""
9000000075,VPpAhxefjM,75,""
9000000076,Jy89Lbixvk,76,""
9000000077,uhIdMdjhx6,77,""
9000000078,WXKH0F7dKA,78,""
9000000079,atNmND8FAw,79,""
9000000080,NT2qNdFVbF,80,""
9000000081,0CP9Rv4f6J,81,""
9000000082,h70y3Ukthg,82,""
9000000083,MFNXCcaX2r,83,""
9000000084,VnKZbVh83j,84,""
9000000085,rLCwCiMHxI,85,""
9000000086,a3LsIY97nC,86,""
9000000087,VySf2COMIK,87,""
9000000088,XMmqMXGMjK,88,""
9000000089,mpz0TnumLQ,89,""
9000000090,a01LzjOmWg,90,""
9000000091,mrS7SYBriI,91,""
9000000092,231uAGKy95,92,""
9000000093,49B8fDWmDS,93,""
9000000094,hgZ4raAzWP,94,""
9000000095,q8DXDiOk6q,95,""
9000000096,9RiAkKjZtZ,96,""
9000000097,nEQFMSMtKP,97,""
9000000098,7981MATIt1,98,""
9000000099,CRbXnoPXpW,99,""
9000000100,8lkK2qpXqW,100,""
9000000101,1WnYLPcVzQ,101,""
9000000102,B1G486brLX,102,""
9000000103,brS1UCZQ2l,103,""
9000000104,MrIy6HNT1m,104,""
9000000105,EmyYyL37Hw,105,""
9000000106,chzxGlOm7T,106,""
9000000107,1K4DcRRxZr,107,""
9000000108,9GCMoQMtQc,108,""
